<?xml version="1.0" encoding="UTF-8"?>

<!DOCTYPE hibernate-mapping PUBLIC 
    "-//Hibernate/Hibernate Mapping DTD 3.0//EN"
    "http://hibernate.sourceforge.net/hibernate-mapping-3.0.dtd">
<hibernate-mapping>
  <class name="bean.Company" table="cregistration">
	  <id name="id" type="int" column="cid">
	   <generator class="increment"/>
	  </id>

	  <property name="email">
		 <column name="email" />
	  </property>
	  
	  <property name="password">
		 <column name="password" />
	  </property>
	  <property name="name">
		 <column name="name" />
	  </property>
	  <property name="type">
		 <column name="type" />
	  </property>
	  <property name="location">
		 <column name="location" />
	  </property>
	  <property name="contact">
		 <column name="contact" />
	  </property>
	  
	  	  
	   </class>
   
   
   
</hibernate-mapping>