<?xml version="1.0" encoding="UTF-8"?>

<!DOCTYPE hibernate-mapping PUBLIC 
    "-//Hibernate/Hibernate Mapping DTD 3.0//EN"
    "http://hibernate.sourceforge.net/hibernate-mapping-3.0.dtd">

<hibernate-mapping>
  <class name="bean.Jobs" table="jobs">
	  <id name="jobid" type="int" column="jobid">
	   <generator class="increment"/>
	  </id>

	  <property name="designation">
		 <column name="designation" />
	  </property>
	  
	   <property name="salary">
		<column name="salary"/>
	  </property>	
	  <property name="location">
	      <column name="location"></column>
	  </property>
	  
	   
	  <property name="skills">
	      <column name="skills"></column>
	  </property>
	  <property name="qualification">
	      <column name="qualification"></column>
	  </property>
	  <property name="companyname">
	  	<column name="companyname"></column>
	  </property>
	  
   </class>
</hibernate-mapping>