<?xml version="1.0" encoding="UTF-8"?>

<!DOCTYPE hibernate-configuration PUBLIC
	"-//Hibernate/Hibernate Configuration DTD 3.0//EN"
	"http://hibernate.sourceforge.net/hibernate-configuration-3.0.dtd">

<hibernate-configuration>
	<session-factory>
		<!--<property name="hibernate.connection.driver_class">sun.jdbc.odbc.JdbcOdbcDriver</property>-->
		<property name="hibernate.connection.driver_class">com.mysql.jdbc.Driver</property>
		<!--<property name="hibernate.connection.url">jdbc:odbc:rahul_dsn</property>-->
		<property name="hibernate.connection.url">jdbc:mysql://localhost:3306/jobportal</property>
		<property name="hibernate.connection.username">root</property>
		<property name="hibernate.connection.password">root</property>
		<property name="hibernate.connection.pool_size">10</property>
		<property name="show_sql">true</property>

		<property name="hibernate.dialect">org.hibernate.dialect.MySQLDialect</property>
		<property name="hibernate.hbm2ddl.auto">update</property>
		<mapping resource="fetchjob.hbm.xml"/>
		<mapping resource="jobseeker1.hbm.xml"/>
			<mapping resource="company.hbm.xml"/>
		
	</session-factory>
</hibernate-configuration>






