<?xml version="1.0" encoding="UTF-8"?>

<!DOCTYPE hibernate-mapping PUBLIC 
    "-//Hibernate/Hibernate Mapping DTD 3.0//EN"
    "http://hibernate.sourceforge.net/hibernate-mapping-3.0.dtd">
<hibernate-mapping>
  <class name="bean.JobSeeker" table="registration">
	  <id name="id" type="int" column="empid">
	   <generator class="increment"/>
	  </id>

	  <property name="fname">
		 <column name="fname" />
	  </property>
	  
	  <property name="lname">
		 <column name="lname" />
	  </property>
	  <property name="password">
		 <column name="password" />
	  </property>
	  <property name="email">
		 <column name="email" />
	  </property>
	  <property name="telephone">
		 <column name="telephone" />
	  </property>
	  <property name="gender">
		 <column name="gender" />
	  </property>
	  <property name="birthday">
		 <column name="birthday" />
	  </property>
	  <property name="location">
		 <column name="location" />
	  </property>
	  <property name="qualification">
		 <column name="qualification" />
	  </property>
	  <property name="skill">
		 <column name="skill" />
	  </property>
	  <property name="industry">
		 <column name="industry" />
	  </property>
   </class>
   
   
   
</hibernate-mapping>