<?xml version="1.0" encoding="UTF-8"?>
<beans xmlns="http://www.springframework.org/schema/beans"
	xmlns:context="http://www.springframework.org/schema/context"
	xmlns:mvc="http://www.springframework.org/schema/mvc" xmlns:xsi="http://www.w3.org/2001/XMLSchema-instance"
	xsi:schemaLocation="
        http://www.springframework.org/schema/beans
        http://www.springframework.org/schema/beans/spring-beans-3.0.xsd
        http://www.springframework.org/schema/context
        http://www.springframework.org/schema/context/spring-context-3.0.xsd
        http://www.springframework.org/schema/mvc
        http://www.springframework.org/schema/mvc/spring-mvc-3.0.xsd">

                           

 <mvc:resources mapping="/css/**" location="/css/"/>
 <mvc:resources mapping="/images/**" location="/images/"/>
 <mvc:resources mapping="/fonts/**" location="/fonts/"/>
 <mvc:resources mapping="/js/**" location="/js/"/>
<bean name="/home" class="controller.HomeAction"/>
<bean name="/jobsearch" class="controller.JobSearchAction"></bean>
<bean name="/jobsDisplay" class="controller.JobsAction"/>
<bean name="/logins" class="controller.LoginAction"/>
<bean name="/myprofile" class="controller.MyprofileAction"/>
<bean name="/register" class="controller.Registrationcontroller"/>

<bean name="/cregister" class="com.company.CRegistrationController"></bean>
<bean name="/companylogin" class="controller.CompanyLoginAction"></bean>
<bean name="/jobpost" class="controller.PostJob"></bean>



	<bean id="viewResolver"
		class="org.springframework.web.servlet.view.InternalResourceViewResolver">
		<property name="prefix">
			<value>/</value>
		</property>
		<property name="suffix">
			<value>.jsp</value>
		</property>
	</bean>
</beans>